,model,roc_auc,f1,precision,recall,accuracy
0,Option 4: Penalized SVM +Original dataset + No Sampling,0.9414767720676843,0.6581930608038474,0.5156081808396125,0.9097815764482431,0.971242774566474
