,fit_time,score_time,test_roc_auc,train_roc_auc,test_f1,train_f1,test_precision,train_precision,test_recall,train_recall,test_accuracy,train_accuracy
0,181.9929587841034,1.0386688709259033,0.9623139403061614,0.9990468170536327,0.7076124567474048,0.9334936861094407,0.6580852775543041,0.8848609211126311,0.7652011225444341,0.9877831509289896,0.9402298850574713,0.9877763041556145
1,184.35834383964539,1.035322666168213,0.9625197065613698,0.9990059967613244,0.6984426616328457,0.9330833235673268,0.6445993031358885,0.8834886817576565,0.7621009268795057,0.9885771045443258,0.943501326259947,0.9873784261715296
2,183.54267287254333,1.0926620960235596,0.9604947518130635,0.9990918674777327,0.7017857142857143,0.9353530534351144,0.6522821576763486,0.8869034155168514,0.7594202898550725,0.9894019682059046,0.9409372236958444,0.9880194518125552
3,184.115882396698,1.0425331592559814,0.9608305816440318,0.9990939733354007,0.6951042171594765,0.9361305361305361,0.6407506702412868,0.8873177198409191,0.7595338983050848,0.9906265416872225,0.9443854995579134,0.9878868258178602
4,180.3149118423462,1.027547836303711,0.9630434359177023,0.9990419346680691,0.6956933270231898,0.9338356486931952,0.6481481481481481,0.8862569832402235,0.7507660878447395,0.9868126399601891,0.9431476569407604,0.9875773651635721
