,model,roc_auc,f1,precision,recall,accuracy
0,Option 5: Neural Network+Dataset3,0.9204127294114277,0.8405067399310466,0.858542987710883,0.8487873912479887,0.8416721612953868
